Experiment,Seed,LogFile,AP,AUC,Macro_F1,G_Mean,Recall,Precision
old_dtbe,42,elliptic_dtbe_seed42_50ep.log,0.80444,0.93528,0.86052,0.84433,0.72484,0.75336
old_dtbe,43,elliptic_dtbe_seed43_50ep.log,0.80179,0.94035,0.87454,0.85369,0.73869,0.79286
old_dtbe,44,elliptic_dtbe_seed44_50ep.log,0.81896,0.94809,0.88416,0.84757,0.72484,0.84957
old_dtbe,45,elliptic_dtbe_seed45_50ep.log,0.80408,0.94424,0.86235,0.84113,0.71837,0.76726
old_dtbe,46,elliptic_dtbe_seed46_50ep.log,0.8036,0.93528,0.86868,0.85139,0.73592,0.77304
old_iv,42,elliptic_iv_seed42_50ep.log,0.7942,0.92177,0.84202,0.84445,0.73038,0.6819
old_iv,43,elliptic_iv_seed43_50ep.log,0.79678,0.92705,0.86928,0.84656,0.72669,0.78543
old_iv,44,elliptic_iv_seed44_50ep.log,0.78579,0.92518,0.84149,0.83851,0.7193,0.68938
old_iv,45,elliptic_iv_seed45_50ep.log,0.78955,0.91955,0.82449,0.84582,0.73869,0.61967
old_iv,46,elliptic_iv_seed46_50ep.log,0.77813,0.91767,0.80469,0.83979,0.73407,0.56503
old_woe,42,elliptic_woe_seed42_50ep.log,0.80344,0.94033,0.87258,0.85096,0.73407,0.79026
old_woe,43,elliptic_woe_seed43_50ep.log,0.77912,0.92813,0.83032,0.83476,0.7156,0.65456
old_woe,44,elliptic_woe_seed44_50ep.log,0.80096,0.93818,0.87093,0.84876,0.73038,0.78785
old_woe,45,elliptic_woe_seed45_50ep.log,0.80368,0.9421,0.83981,0.84988,0.74146,0.66584
old_woe,46,elliptic_woe_seed46_50ep.log,0.78432,0.92733,0.86395,0.84235,0.72022,0.77151
strict_franad_dtbe_full,42,elliptic_dtbe_strict_seed42_50ep.log,0.74736,0.90062,0.83197,0.84087,0.72669,0.65149
strict_franad_dtbe_full,43,elliptic_dtbe_strict_seed43_50ep.log,0.78593,0.90654,0.85336,0.84523,0.72853,0.72319
strict_franad_dtbe_full,44,elliptic_dtbe_strict_seed44_50ep.log,0.66906,0.90026,0.78642,0.83281,0.72761,0.51945
strict_franad_dtbe_full,45,elliptic_dtbe_strict_seed45_50ep.log,0.76161,0.93122,0.83623,0.84544,0.73407,0.65975
strict_franad_dtbe_full,46,elliptic_dtbe_strict_seed46_50ep.log,0.71412,0.9202,0.81265,0.83413,0.72022,0.59587
strict_franad_iv,42,elliptic_iv_strict_seed42_50ep.log,0.48341,0.89452,0.73472,0.8167,0.72022,0.40373
strict_franad_iv,43,elliptic_iv_strict_seed43_50ep.log,0.75562,0.90042,0.76769,0.8231,0.71653,0.47754
strict_franad_iv,44,elliptic_iv_strict_seed44_50ep.log,0.64876,0.88302,0.82144,0.82545,0.70083,0.63674
strict_franad_iv,45,elliptic_iv_strict_seed45_50ep.log,0.59024,0.87848,0.85687,0.82329,0.68698,0.78151
strict_franad_iv,46,elliptic_iv_strict_seed46_50ep.log,0.73632,0.89462,0.79394,0.8301,0.7193,0.54324
strict_franad_no_dtbe,42,elliptic_franad_no_dtbe_strict_seed42_50ep.log,0.70363,0.86718,0.8626,0.79051,0.62789,0.90186
strict_franad_no_dtbe,43,elliptic_franad_no_dtbe_strict_seed43_50ep.log,0.68098,0.85421,0.85469,0.78957,0.62789,0.85967
strict_franad_no_dtbe,44,elliptic_franad_no_dtbe_strict_seed44_50ep.log,0.48242,0.86459,0.82404,0.78713,0.63066,0.71369
strict_franad_no_dtbe,45,elliptic_franad_no_dtbe_strict_seed45_50ep.log,0.54944,0.84186,0.81612,0.78334,0.62604,0.68693
strict_franad_no_dtbe,46,elliptic_franad_no_dtbe_strict_seed46_50ep.log,0.65203,0.84704,0.80108,0.76888,0.6048,0.65109
strict_franad_no_group,42,elliptic_franad_no_group_strict_seed42_50ep.log,0.79291,0.91039,0.84391,0.84134,0.72392,0.69381
strict_franad_no_group,43,elliptic_franad_no_group_strict_seed43_50ep.log,0.77612,0.90741,0.83575,0.83564,0.7156,0.67274
strict_franad_no_group,44,elliptic_franad_no_group_strict_seed44_50ep.log,0.78177,0.90973,0.86543,0.83658,0.70914,0.79012
strict_franad_no_group,45,elliptic_franad_no_group_strict_seed45_50ep.log,0.75904,0.90266,0.82763,0.82844,0.70452,0.65437
strict_franad_no_group,46,elliptic_franad_no_group_strict_seed46_50ep.log,0.74563,0.90321,0.78477,0.82445,0.71191,0.52236
strict_franad_no_risk,42,elliptic_franad_no_risk_strict_seed42_50ep.log,0.76139,0.91085,0.81824,0.82931,0.70914,0.62036
strict_franad_no_risk,43,elliptic_franad_no_risk_strict_seed43_50ep.log,0.7592,0.91427,0.84984,0.84029,0.72022,0.71823
strict_franad_no_risk,44,elliptic_franad_no_risk_strict_seed44_50ep.log,0.69433,0.89166,0.85805,0.81886,0.67867,0.79718
strict_franad_no_risk,45,elliptic_franad_no_risk_strict_seed45_50ep.log,0.75565,0.92386,0.83839,0.83311,0.71006,0.68661
strict_franad_no_risk,46,elliptic_franad_no_risk_strict_seed46_50ep.log,0.74884,0.92238,0.82907,0.83309,0.71283,0.65258
strict_franad_woe,42,elliptic_woe_strict_seed42_50ep.log,0.75068,0.9097,0.79539,0.82561,0.71006,0.55205
strict_franad_woe,43,elliptic_woe_strict_seed43_50ep.log,0.74795,0.90321,0.83607,0.8188,0.68421,0.70237
strict_franad_woe,44,elliptic_woe_strict_seed44_50ep.log,0.58364,0.88593,0.82245,0.82905,0.70729,0.63516
strict_franad_woe,45,elliptic_woe_strict_seed45_50ep.log,0.68857,0.92631,0.79142,0.83385,0.72761,0.53243
strict_franad_woe,46,elliptic_woe_strict_seed46_50ep.log,0.6518,0.90007,0.7821,0.82104,0.70637,0.51794
strict_graphsage,42,elliptic_graphsage_strict_seed42_50ep.log,0.6957,0.85703,0.84137,0.76669,0.59187,0.85695
strict_graphsage,43,elliptic_graphsage_strict_seed43_50ep.log,0.68638,0.86912,0.86241,0.78561,0.61958,0.91792
strict_graphsage,44,elliptic_graphsage_strict_seed44_50ep.log,0.59354,0.86229,0.81169,0.79826,0.65374,0.64247
strict_graphsage,45,elliptic_graphsage_strict_seed45_50ep.log,0.71101,0.8774,0.86943,0.80095,0.64451,0.90649
strict_graphsage,46,elliptic_graphsage_strict_seed46_50ep.log,0.69458,0.8544,0.84216,0.74072,0.5494,0.96591
strict_graphsage_dtbe,42,elliptic_graphsage_dtbe_strict_seed42_50ep.log,0.77013,0.90254,0.82609,0.8326,0.71283,0.6428
strict_graphsage_dtbe,43,elliptic_graphsage_dtbe_strict_seed43_50ep.log,0.77329,0.90142,0.84069,0.83544,0.71376,0.69141
strict_graphsage_dtbe,44,elliptic_graphsage_dtbe_strict_seed44_50ep.log,0.78602,0.91496,0.85815,0.83606,0.71006,0.75988
strict_graphsage_dtbe,45,elliptic_graphsage_dtbe_strict_seed45_50ep.log,0.76233,0.90698,0.83019,0.82836,0.7036,0.66376
strict_graphsage_dtbe,46,elliptic_graphsage_dtbe_strict_seed46_50ep.log,0.76877,0.90559,0.81428,0.82959,0.71099,0.60678
